City_ID,City,Country,Date,Lat,Lng,Max Temp,Humidity,Cloudiness,Wind Speed
0,Castro,BR,2020-09-03 06:18:34,-24.79,-50.01,56.12,97,30,4.7
1,Hithadhoo,MV,2020-09-03 06:18:34,-0.6,73.08,82.42,72,100,11.68
2,Ilulissat,GL,2020-09-03 06:18:35,69.22,-51.1,37.4,74,100,3.36
3,Bambous Virieux,MU,2020-09-03 06:18:35,-20.34,57.76,75.2,78,75,1.12
4,Hilo,US,2020-09-03 06:18:01,19.73,-155.09,78.8,65,1,3.36
5,Asau,RO,2020-09-03 06:18:35,46.43,26.4,64.99,84,89,3.02
6,Qaanaaq,GL,2020-09-03 06:18:35,77.48,-69.36,23.32,77,8,7.09
7,Ceres,US,2020-09-03 06:17:01,37.59,-120.96,73.4,53,1,10.29
8,Pimentel,PE,2020-09-03 06:18:36,-6.84,-79.93,59.58,88,25,9.91
9,Hermanus,ZA,2020-09-03 06:18:36,-34.42,19.23,55.0,93,19,7.0
10,Bredasdorp,ZA,2020-09-03 06:18:36,-34.53,20.04,57.2,76,12,3.36
11,Rioja,AR,2020-09-03 06:18:36,-29.41,-66.85,46.54,59,17,1.41
12,Shimoda,JP,2020-09-03 06:18:37,34.67,138.95,80.6,88,75,12.75
13,Punta Arenas,CL,2020-09-03 06:18:37,-53.15,-70.92,37.4,86,54,6.93
14,Hofn,IS,2020-09-03 06:18:37,64.25,-15.21,51.21,74,100,15.52
15,Chimbote,PE,2020-09-03 06:18:37,-9.09,-78.58,58.3,90,8,7.02
16,Sorong,ID,2020-09-03 06:18:37,-0.88,131.25,82.29,78,77,10.67
17,Cape Town,ZA,2020-09-03 06:17:22,-33.93,18.42,59.0,87,75,10.29
18,Nikolskoye,RU,2020-09-03 06:18:38,59.7,30.79,57.99,82,43,11.18
19,Ina,JP,2020-09-03 06:18:38,35.83,137.95,87.8,55,75,17.22
20,Carutapera,BR,2020-09-03 06:18:38,-1.2,-46.02,76.64,88,74,7.27
21,Vostok,RU,2020-09-03 06:18:38,46.49,135.88,74.82,66,88,11.52
22,Puerto Ayora,EC,2020-09-03 06:18:39,-0.74,-90.35,66.0,93,52,4.0
23,Sambava,MG,2020-09-03 06:18:39,-14.27,50.17,74.77,61,64,12.08
24,Yellowknife,CA,2020-09-03 06:18:39,62.46,-114.35,44.01,86,5,8.05
25,Okha,RU,2020-09-03 06:18:39,53.57,142.95,60.24,81,80,7.52
26,Arraial Do Cabo,BR,2020-09-03 06:18:40,-22.97,-42.03,70.11,87,0,17.02
27,Rikitea,PF,2020-09-03 06:18:40,-23.12,-134.97,70.66,86,5,16.6
28,Huilong,CN,2020-09-03 06:18:40,31.81,121.66,89.01,47,0,1.99
29,Upernavik,GL,2020-09-03 06:18:40,72.79,-56.15,37.15,79,82,3.85
30,Ewa Beach,US,2020-09-03 06:18:41,21.32,-158.01,80.6,57,1,5.82
31,Albany,US,2020-09-03 06:15:43,42.6,-73.97,71.01,81,86,4.07
32,Busselton,AU,2020-09-03 06:18:41,-33.65,115.33,62.01,74,90,5.99
33,Saskylakh,RU,2020-09-03 06:18:41,71.92,114.08,56.19,53,100,13.35
34,Dingle,PH,2020-09-03 06:18:41,11.0,122.67,88.63,67,80,5.79
35,Sioux Lookout,CA,2020-09-03 06:18:41,50.1,-91.92,51.8,100,90,4.7
36,Prince George,CA,2020-09-03 06:16:07,53.92,-122.75,53.6,87,90,4.7
37,Batemans Bay,AU,2020-09-03 06:14:01,-35.72,150.18,79.0,27,63,4.0
38,Ushuaia,AR,2020-09-03 06:14:45,-54.8,-68.3,35.6,93,90,4.7
39,Carnarvon,AU,2020-09-03 06:18:42,-24.87,113.63,71.6,56,13,21.92
40,Beboto,TD,2020-09-03 06:18:42,8.27,16.94,69.87,93,100,4.07
41,Longyearbyen,SJ,2020-09-03 06:18:42,78.22,15.64,41.0,86,75,6.93
42,Kapaa,US,2020-09-03 06:18:43,22.08,-159.32,80.6,69,75,12.75
43,Lorengau,PG,2020-09-03 06:18:43,-2.02,147.27,85.05,70,73,6.98
44,Mindyak,RU,2020-09-03 06:18:43,54.02,58.79,53.6,62,40,11.18
45,Chokurdakh,RU,2020-09-03 06:18:43,70.63,147.92,41.92,65,83,9.24
46,Mehamn,NO,2020-09-03 06:18:43,71.04,27.85,55.4,71,91,11.41
47,Leningradskiy,RU,2020-09-03 06:18:44,69.38,178.42,35.26,86,84,5.03
48,Meulaboh,ID,2020-09-03 06:18:44,4.14,96.13,86.45,61,96,2.95
49,Macenta,GN,2020-09-03 06:18:44,8.54,-9.47,68.23,97,100,1.77
50,Chuy,UY,2020-09-03 06:18:44,-33.7,-53.46,53.35,89,92,16.17
51,La Palma,US,2020-09-03 06:16:16,33.85,-118.05,66.99,82,1,5.82
52,Lebu,CL,2020-09-03 06:18:45,-37.62,-73.65,45.12,84,84,3.11
53,Chirongui,YT,2020-09-03 06:18:45,-12.93,45.15,82.4,69,75,10.29
54,Iskateley,RU,2020-09-03 06:18:45,67.68,53.15,49.01,76,99,10.18
55,Sibu,MY,2020-09-03 06:18:09,2.3,111.82,87.8,66,75,3.36
56,Babu,CN,2020-09-03 06:18:45,24.42,111.52,93.02,46,73,4.79
57,Micheweni,TZ,2020-09-03 06:18:46,-4.97,39.83,78.17,69,13,8.16
58,Oussouye,SN,2020-09-03 06:18:46,12.48,-16.55,77.0,94,40,6.93
59,Qaqortoq,GL,2020-09-03 06:18:46,60.72,-46.03,39.2,60,3,5.82
60,Saldanha,ZA,2020-09-03 06:18:46,-33.01,17.94,53.6,93,32,5.82
61,Victoria,HK,2020-09-03 06:15:03,22.29,114.16,93.2,63,20,13.87
62,Panjab,AF,2020-09-03 06:18:47,34.39,67.02,63.23,28,0,2.98
63,Lagoa,PT,2020-09-03 06:18:47,39.05,-27.98,72.37,80,19,4.7
64,Alofi,NU,2020-09-03 06:18:09,-19.06,-169.92,78.8,83,100,4.7
65,Kaitangata,NZ,2020-09-03 06:18:47,-46.28,169.85,52.0,70,69,5.99
66,Tiksi,RU,2020-09-03 06:18:47,71.69,128.87,44.49,69,5,7.16
67,Atuona,PF,2020-09-03 06:15:09,-9.8,-139.03,79.18,76,7,20.94
68,Jamestown,US,2020-09-03 06:16:32,42.1,-79.24,64.0,100,1,8.05
69,Salym,RU,2020-09-03 06:18:48,60.06,71.48,45.7,91,100,11.34
70,Nome,US,2020-09-03 06:14:34,64.5,-165.41,44.6,75,40,14.99
71,Tuktoyaktuk,CA,2020-09-03 06:18:48,69.45,-133.04,48.2,81,75,6.93
72,Ponta Delgada,PT,2020-09-03 06:18:48,37.73,-25.67,71.6,78,75,3.36
73,Bluff,NZ,2020-09-03 06:18:49,-46.6,168.33,45.0,72,81,11.01
74,Inhambane,MZ,2020-09-03 06:18:49,-23.86,35.38,66.2,68,75,2.24
75,Vaini,TO,2020-09-03 06:18:49,-21.2,-175.2,71.6,94,75,16.11
76,Port Hardy,CA,2020-09-03 06:18:49,50.7,-127.42,55.4,93,75,2.24
77,Mataura,NZ,2020-09-03 06:18:50,-46.19,168.86,45.0,72,75,11.01
78,Flinders,AU,2020-09-03 06:18:50,-34.58,150.86,84.2,20,56,21.92
79,Chumikan,RU,2020-09-03 06:18:50,54.72,135.31,56.5,87,100,6.78
80,Vestmannaeyjar,IS,2020-09-03 06:18:50,63.44,-20.27,50.83,77,100,14.5
81,Margate,GB,2020-09-03 06:18:51,51.38,1.39,63.0,83,100,4.0
82,Gaziantep,TR,2020-09-03 06:17:33,37.06,37.38,84.2,30,30,2.24
83,Provins,FR,2020-09-03 06:18:51,48.58,3.17,59.0,72,95,3.36
84,Diamantina,BR,2020-09-03 06:18:51,-18.25,-43.6,51.87,99,4,7.09
85,Khatanga,RU,2020-09-03 06:18:51,71.97,102.5,50.67,60,98,19.48
86,San Patricio,MX,2020-09-03 06:18:52,19.22,-104.7,77.5,87,1,4.83
87,Tabou,CI,2020-09-03 06:18:52,4.42,-7.35,75.38,88,95,8.3
88,Klaksvik,FO,2020-09-03 06:18:52,62.23,-6.59,51.8,100,61,12.75
89,Santiago Del Estero,AR,2020-09-03 06:18:52,-27.8,-64.26,48.51,79,0,5.14
90,Manisa,TR,2020-09-03 06:17:34,38.83,28.17,68.0,60,5,2.15
91,Tabuk,PH,2020-09-03 06:18:53,17.42,121.44,87.58,68,100,2.93
92,Tazovskiy,RU,2020-09-03 06:18:53,67.47,78.7,51.49,71,13,15.1
93,Barrow,US,2020-09-03 06:18:53,71.29,-156.79,37.4,86,90,18.34
94,Charters Towers,AU,2020-09-03 06:16:29,-20.1,146.27,79.0,40,40,10.0
95,Ponta Do Sol,PT,2020-09-03 06:18:54,32.67,-17.1,71.6,73,40,8.05
96,Saint-Philippe,RE,2020-09-03 06:18:54,-21.36,55.77,75.2,64,20,9.17
97,Hervey Bay,AU,2020-09-03 06:18:54,-25.3,152.85,77.0,68,40,10.29
98,Ostrovnoy,RU,2020-09-03 06:18:54,68.05,39.51,54.55,68,100,16.06
99,Naze,JP,2020-09-03 06:18:54,28.37,129.48,87.8,94,75,2.24
100,Bekovo,RU,2020-09-03 06:18:55,52.47,43.71,60.53,59,0,11.92
101,Cayenne,GF,2020-09-03 06:17:56,4.93,-52.33,73.4,100,17,11.63
102,Port Elizabeth,ZA,2020-09-03 06:18:55,-33.92,25.57,57.2,71,0,2.24
103,Bathsheba,BB,2020-09-03 06:18:55,13.22,-59.52,78.8,83,40,10.29
104,Luena,AO,2020-09-03 06:18:56,-11.78,19.92,66.92,43,45,5.41
105,Kruisfontein,ZA,2020-09-03 06:18:56,-34.0,24.73,59.0,62,0,1.01
106,Nelson Bay,AU,2020-09-03 06:18:56,-32.72,152.15,82.99,32,0,17.22
107,Sitka,US,2020-09-03 06:18:56,57.05,-135.33,53.6,93,90,8.05
108,Yulara,AU,2020-09-03 06:18:57,-25.24,130.99,82.4,11,0,5.82
109,Karia,NG,2020-09-03 06:18:57,11.73,11.16,73.08,91,97,11.83
110,Berlevag,NO,2020-09-03 06:18:57,70.86,29.09,55.4,71,99,2.24
111,Mount Gambier,AU,2020-09-03 06:18:57,-37.83,140.77,55.4,71,75,21.92
112,Vila Franca Do Campo,PT,2020-09-03 06:18:57,37.72,-25.43,71.6,78,75,3.36
113,Vila,PT,2020-09-03 06:18:58,42.03,-8.16,55.0,88,0,1.01
114,Touros,BR,2020-09-03 06:18:58,-5.2,-35.46,69.8,94,40,3.36
115,Cabo San Lucas,MX,2020-09-03 06:18:58,22.89,-109.91,81.0,85,13,9.31
116,Talnakh,RU,2020-09-03 06:18:58,69.49,88.4,50.0,81,97,22.37
117,Presidencia Roque Saenz Pena,AR,2020-09-03 06:18:59,-26.79,-60.44,46.62,94,0,3.6
118,Kahului,US,2020-09-03 06:18:59,20.89,-156.47,80.6,61,20,13.87
119,Cherskiy,RU,2020-09-03 06:18:59,68.75,161.3,44.6,59,45,10.33
120,East London,ZA,2020-09-03 06:18:59,-33.02,27.91,66.2,42,70,11.41
121,San Pedro,PH,2020-09-03 06:15:49,14.35,121.02,91.4,55,100,12.75
122,Tiarei,PF,2020-09-03 06:18:59,-17.53,-149.33,80.6,74,20,9.17
123,Kabinda,CD,2020-09-03 06:19:00,-6.13,24.48,75.87,49,0,2.57
124,Bethel,US,2020-09-03 06:15:29,41.37,-73.41,75.2,94,90,8.05
125,Bougouni,ML,2020-09-03 06:19:00,11.42,-7.48,70.38,97,100,5.41
126,Portland,US,2020-09-03 06:16:01,45.52,-122.68,73.4,64,1,6.93
127,Westport,US,2020-09-03 06:19:00,41.14,-73.36,75.2,94,75,5.99
128,Acarau,BR,2020-09-03 06:19:01,-2.89,-40.12,76.78,82,3,16.69
129,Neiafu,TO,2020-09-03 06:19:01,-18.65,-173.98,77.0,88,90,2.24
130,Namibe,AO,2020-09-03 06:19:01,-15.2,12.15,64.2,79,14,1.7
131,Nishihara,JP,2020-09-03 06:19:01,26.18,127.76,86.0,79,75,11.41
132,La Ronge,CA,2020-09-03 06:19:02,55.1,-105.28,48.2,61,5,11.41
133,Hay River,CA,2020-09-03 06:15:08,60.82,-115.8,46.4,87,75,5.82
134,Manggar,ID,2020-09-03 06:19:02,-2.88,108.27,81.07,80,100,9.37
135,Narsaq,GL,2020-09-03 06:19:02,60.92,-46.05,39.2,60,1,5.82
136,Korla,CN,2020-09-03 06:19:03,41.76,86.15,90.0,12,20,6.11
137,Paracatu,BR,2020-09-03 06:19:03,-17.22,-46.87,58.42,59,0,3.96
138,Fallon,US,2020-09-03 06:19:03,39.47,-118.78,73.4,23,1,5.82
139,Pevek,RU,2020-09-03 06:19:03,69.7,170.31,37.09,80,92,11.59
140,Talcahuano,CL,2020-09-03 06:19:03,-36.72,-73.12,46.4,93,92,4.7
141,Acapulco,MX,2020-09-03 06:19:04,16.86,-99.89,79.14,80,12,4.23
142,Nezhinka,RU,2020-09-03 06:19:04,51.77,55.37,62.6,51,20,13.42
143,Alice Springs,AU,2020-09-03 06:19:04,-23.7,133.88,87.8,12,0,5.82
144,Poum,NC,2020-09-03 06:19:04,-20.23,164.02,71.91,66,39,11.95
145,Constitucion,CL,2020-09-03 06:19:05,-35.33,-72.42,47.28,85,63,10.56
146,Roald,NO,2020-09-03 06:19:05,62.58,6.13,64.4,42,52,14.99
147,Brae,GB,2020-09-03 06:19:05,60.4,-1.35,53.6,100,40,9.17
148,Tabas,IR,2020-09-03 06:19:05,33.6,56.92,80.6,13,0,4.7
149,New Norfolk,AU,2020-09-03 06:19:06,-42.78,147.06,57.0,68,77,1.99
150,Hirtshals,DK,2020-09-03 06:19:06,57.59,9.96,54.0,92,0,7.27
151,Maputo,MZ,2020-09-03 06:16:08,-25.97,32.59,64.4,72,4,9.17
152,Havre-Saint-Pierre,CA,2020-09-03 06:19:06,50.23,-63.6,55.4,93,90,13.87
153,Severo-Kurilsk,RU,2020-09-03 06:19:06,50.68,156.12,55.87,85,99,15.52
154,Kieta,PG,2020-09-03 06:19:06,-6.22,155.63,84.36,68,71,4.45
155,Mar Del Plata,AR,2020-09-03 06:16:59,-38.0,-57.56,46.99,100,90,9.17
156,Grindavik,IS,2020-09-03 06:19:07,63.84,-22.43,44.6,87,75,23.04
157,Kodiak,US,2020-09-03 06:19:07,57.79,-152.41,53.6,76,90,3.36
158,Ribeira Grande,PT,2020-09-03 06:19:07,38.52,-28.7,72.97,79,54,6.96
159,Prince Rupert,CA,2020-09-03 06:18:10,54.32,-130.32,53.6,93,90,5.82
160,Avarua,CK,2020-09-03 06:16:26,-21.21,-159.78,77.0,83,0,16.11
161,Santa Lucia,ES,2020-09-03 06:19:08,27.91,-15.54,71.6,78,20,13.87
162,Morondava,MG,2020-09-03 06:19:08,-20.28,44.28,75.36,59,0,5.17
163,Kattivakkam,IN,2020-09-03 06:19:08,13.22,80.32,89.6,66,75,5.82
164,Karratha,AU,2020-09-03 06:19:08,-20.74,116.85,89.08,15,0,8.37
165,Dikson,RU,2020-09-03 06:19:08,73.51,80.55,41.65,82,18,11.92
166,Mahibadhoo,MV,2020-09-03 06:15:19,3.78,72.97,82.62,78,95,14.99
167,Butaritari,KI,2020-09-03 06:15:10,3.07,172.79,83.71,72,100,10.58
168,Belaya Gora,RU,2020-09-03 06:19:09,68.53,146.42,47.95,55,65,11.3
169,Salisbury,GB,2020-09-03 06:14:25,51.07,-1.8,64.0,100,98,17.22
170,Oranjemund,NA,2020-09-03 06:19:09,-28.55,16.43,54.72,52,0,5.46
171,Hobart,AU,2020-09-03 06:17:50,-42.88,147.33,59.0,47,75,21.92
172,Salalah,OM,2020-09-03 06:14:14,17.02,54.09,77.0,100,90,5.82
173,Iqaluit,CA,2020-09-03 06:19:10,63.75,-68.51,44.6,87,90,3.36
174,Zapolyarnyy,RU,2020-09-03 06:19:10,69.42,30.81,50.0,76,93,16.11
175,Sisimiut,GL,2020-09-03 06:19:10,66.94,-53.67,41.49,70,30,6.35
176,Sao Joao Da Barra,BR,2020-09-03 06:19:10,-21.64,-41.05,69.51,87,0,7.76
177,Bandar-E Lengeh,IR,2020-09-03 06:19:11,26.56,54.88,93.2,67,20,9.17
178,Corvallis,US,2020-09-03 06:15:51,44.56,-123.26,77.0,50,1,3.36
179,Ust-Kuyga,RU,2020-09-03 06:19:11,70.02,135.6,55.99,39,0,4.61
180,Sakakah,SA,2020-09-03 06:19:11,29.97,40.21,89.6,18,0,5.57
181,Kargasok,RU,2020-09-03 06:19:11,59.06,80.86,52.88,93,98,13.33
182,Saint-Joseph,RE,2020-09-03 06:19:12,-21.37,55.62,75.2,64,20,9.17
183,Pachora,IN,2020-09-03 06:14:22,20.67,75.35,87.58,60,10,1.14
184,Ancud,CL,2020-09-03 06:19:12,-41.87,-73.82,42.01,94,85,6.96
185,Georgetown,MY,2020-09-03 06:15:10,5.41,100.34,87.8,66,20,9.17
186,Veraval,IN,2020-09-03 06:19:12,20.9,70.37,83.97,72,100,4.99
187,Safaga,EG,2020-09-03 06:19:13,26.73,33.94,86.0,40,0,4.7
188,Papara,BR,2020-09-03 06:19:13,-3.98,-38.73,78.8,74,75,17.22
189,Port-Gentil,GA,2020-09-03 06:19:14,-0.72,8.78,77.0,83,90,13.02
190,Luderitz,NA,2020-09-03 06:19:14,-26.65,15.16,54.57,45,0,6.33
191,Bud,US,2020-09-03 06:19:14,39.45,-86.18,71.01,97,99,4.07
192,Mandalgovi,MN,2020-09-03 06:19:14,45.76,106.27,71.91,28,57,10.85
193,Butka,RU,2020-09-03 06:19:15,56.72,63.79,53.49,62,0,12.68
194,Oktyabrskiy,RU,2020-09-03 06:19:15,54.48,53.47,56.82,61,0,11.65
195,Mercedes,AR,2020-09-03 06:19:15,-34.65,-59.43,48.0,95,99,5.99
196,Socorro,US,2020-09-03 06:15:59,31.65,-106.3,80.6,19,1,6.93
197,Yumen,CN,2020-09-03 06:19:15,40.28,97.2,87.28,10,0,13.65
198,Katsuura,JP,2020-09-03 06:19:16,35.13,140.3,89.01,94,75,19.46
199,Ca Mau,VN,2020-09-03 06:17:00,9.18,105.15,90.95,56,100,7.7
200,Saint George,US,2020-09-03 06:19:16,37.1,-113.58,82.0,15,1,6.93
201,Nanortalik,GL,2020-09-03 06:19:16,60.14,-45.24,41.38,78,5,2.73
202,Glyadyanskoye,RU,2020-09-03 06:19:16,54.91,65.09,56.61,50,0,14.65
203,Acari,PE,2020-09-03 06:19:17,-15.43,-74.62,56.98,75,57,3.02
204,Berdigestyakh,RU,2020-09-03 06:19:17,62.1,126.7,70.03,39,66,9.6
205,Elizabeth City,US,2020-09-03 06:19:17,36.29,-76.25,84.2,94,1,10.29
206,Nuuk,GL,2020-09-03 06:15:09,64.18,-51.72,48.2,39,3,9.17
207,Broome,US,2020-09-03 06:19:17,42.25,-75.83,66.99,100,1,3.65
208,Iisalmi,FI,2020-09-03 06:19:18,63.56,27.19,53.6,93,75,8.05
209,Opuwo,NA,2020-09-03 06:19:18,-18.06,13.84,66.78,25,36,3.98
210,Pangnirtung,CA,2020-09-03 06:19:18,66.15,-65.71,44.74,68,89,6.6
211,Codrington,AU,2020-09-03 06:19:18,-38.27,141.97,55.8,70,63,18.32
212,Ryotsu,JP,2020-09-03 06:19:18,38.08,138.43,98.6,47,3,5.82
213,Baghdad,IQ,2020-09-03 06:15:03,33.34,44.4,93.2,28,0,2.24
214,Kokubu,JP,2020-09-03 06:19:19,31.73,130.77,82.4,74,75,10.29
215,Shetpe,KZ,2020-09-03 06:19:19,44.17,52.12,85.82,21,22,4.92
216,Bognor Regis,GB,2020-09-03 06:19:19,50.78,-0.68,64.0,96,100,1.99
217,Tuatapere,NZ,2020-09-03 06:19:20,-46.13,167.68,45.0,72,98,11.01
218,Norman Wells,CA,2020-09-03 06:19:20,65.28,-126.83,48.2,93,90,4.7
219,Haimen,CN,2020-09-03 06:19:20,23.19,116.61,96.8,47,20,4.47
220,Makakilo City,US,2020-09-03 06:19:21,21.35,-158.09,80.6,57,1,5.82
221,Ahipara,NZ,2020-09-03 06:19:21,-35.17,173.17,52.45,73,24,15.14
222,Pacifica,US,2020-09-03 06:19:21,37.61,-122.49,60.01,87,90,6.93
223,Taltal,CL,2020-09-03 06:19:21,-25.4,-70.48,53.85,66,0,3.02
224,Fortuna,US,2020-09-03 06:19:22,40.6,-124.16,57.99,93,90,1.48
225,Myre,NO,2020-09-03 06:19:22,69.1,15.95,53.6,81,93,11.41
226,Hami,CN,2020-09-03 06:19:22,42.8,93.45,93.04,10,31,5.75
227,Inirida,CO,2020-09-03 06:19:22,3.87,-67.92,71.47,96,97,2.37
228,Esperance,AU,2020-09-03 06:19:22,-33.87,121.9,62.6,59,40,16.11
229,Komsomolskiy,UZ,2020-09-03 06:18:09,40.43,71.72,77.0,31,96,6.93
230,Myanaung,MM,2020-09-03 06:15:41,18.28,95.32,89.94,64,26,1.61
231,Uray,RU,2020-09-03 06:19:23,60.12,64.78,49.03,64,65,15.43
232,Shemonaikha,KZ,2020-09-03 06:19:23,50.63,81.91,86.16,20,0,14.85
233,Flin Flon,CA,2020-09-03 06:19:23,54.77,-101.86,42.62,73,41,9.22
234,Fairbanks,US,2020-09-03 06:17:10,64.84,-147.72,53.6,71,1,3.36
235,Maceio,BR,2020-09-03 06:15:22,-9.67,-35.74,68.0,100,75,4.7
236,Airai,TL,2020-09-03 06:19:24,-8.93,125.41,76.69,52,71,6.22
237,Kununurra,AU,2020-09-03 06:19:24,-15.77,128.73,98.6,20,40,5.82
238,Tasiilaq,GL,2020-09-03 06:19:24,65.61,-37.64,39.2,69,58,8.05
239,Bage,BR,2020-09-03 06:19:24,-31.33,-54.11,50.0,87,90,21.92
240,Beohari,IN,2020-09-03 06:19:25,24.05,81.38,83.79,75,7,3.8
241,Mumbwa,ZM,2020-09-03 06:19:05,-14.98,27.06,62.98,68,97,10.78
242,Itacoatiara,BR,2020-09-03 06:19:25,-3.14,-58.44,76.64,60,1,2.04
243,Lompoc,US,2020-09-03 06:17:36,34.64,-120.46,57.2,93,1,6.93
244,Cidreira,BR,2020-09-03 06:19:25,-30.18,-50.21,62.58,95,51,4.63
245,Namtsy,RU,2020-09-03 06:19:26,62.72,129.67,68.0,56,67,4.47
246,Ugoofaaru,MV,2020-09-03 06:19:26,5.67,73.0,81.64,80,100,15.64
247,Mangrol,IN,2020-09-03 06:19:26,21.12,70.12,83.57,72,100,5.06
248,Evensk,RU,2020-09-03 06:19:26,61.95,159.23,54.45,49,8,15.41
249,Catamarca,AR,2020-09-03 06:19:27,-28.47,-65.79,52.0,64,1,7.74
250,Menongue,AO,2020-09-03 06:19:27,-14.66,17.69,67.21,53,45,0.81
251,Borshchiv,UA,2020-09-03 06:19:27,48.8,26.04,63.0,75,100,3.0
252,Provideniya,RU,2020-09-03 06:19:27,64.38,-173.3,48.2,66,75,6.71
253,Buritizeiro,BR,2020-09-03 06:19:28,-17.35,-44.96,60.89,77,0,4.36
254,Kargil,IN,2020-09-03 06:19:28,34.57,76.1,66.67,26,0,5.59
255,Araouane,ML,2020-09-03 06:19:28,18.9,-3.53,83.48,55,93,17.85
256,Lavrentiya,RU,2020-09-03 06:19:28,65.58,-171.0,40.69,76,100,6.67
257,Ishigaki,JP,2020-09-03 06:14:47,24.34,124.16,87.8,89,75,13.87
258,Torbay,CA,2020-09-03 06:19:29,47.67,-52.73,53.6,87,75,18.34
259,Rabo De Peixe,PT,2020-09-03 06:19:29,37.8,-25.58,71.6,78,40,4.7
260,Dondo,MZ,2020-09-03 06:19:29,-19.61,34.74,73.4,64,75,11.41
261,Santa Maria,BR,2020-09-03 06:19:29,-29.68,-53.81,55.44,86,83,10.45
262,Puerto Escondido,MX,2020-09-03 06:19:30,15.85,-97.07,79.57,79,55,5.14
263,Hirara,JP,2020-09-03 06:19:30,24.8,125.28,87.8,70,75,9.17
264,Beachwood,US,2020-09-03 06:19:30,41.46,-81.51,66.99,100,40,2.17
265,Basco,PH,2020-09-03 06:19:30,20.45,121.97,84.69,79,99,15.75
266,Tarabuco,BO,2020-09-03 06:19:30,-19.17,-64.92,42.85,91,4,5.88
267,Pasinler,TR,2020-09-03 06:19:31,39.98,41.68,62.6,48,0,2.24
268,Vaasa,FI,2020-09-03 06:19:31,63.1,21.62,52.0,87,44,4.7
269,Sri Aman,MY,2020-09-03 06:19:31,1.24,111.46,86.0,79,40,2.24
270,Gazanjyk,TM,2020-09-03 06:19:31,39.24,55.52,90.5,13,0,4.92
271,Miles City,US,2020-09-03 06:19:32,46.41,-105.84,57.2,44,90,6.93
272,Hambantota,LK,2020-09-03 06:19:32,6.12,81.12,87.8,70,40,16.11
273,Jiangkou,CN,2020-09-03 06:19:32,25.49,119.2,91.4,59,7,13.42
274,Opportunity,US,2020-09-03 06:19:32,47.65,-117.24,75.2,33,1,9.17
275,Deputatskiy,RU,2020-09-03 06:19:32,69.3,139.9,43.68,62,32,13.53
276,Yabelo,ET,2020-09-03 06:19:33,4.88,38.08,62.11,61,1,10.54
277,Seymchan,RU,2020-09-03 06:19:33,62.88,152.43,54.19,41,0,2.24
278,Galle,LK,2020-09-03 06:19:33,6.04,80.22,82.87,78,58,14.25
279,Mayumba,GA,2020-09-03 06:19:33,-3.43,10.66,73.87,88,97,7.87
280,Mahebourg,MU,2020-09-03 06:19:33,-20.41,57.7,75.2,78,75,1.12
281,Vallenar,CL,2020-09-03 06:19:34,-28.57,-70.76,51.62,56,0,1.36
282,Prata,BR,2020-09-03 06:19:34,-19.31,-48.92,65.88,43,0,8.39
283,Antofagasta,CL,2020-09-03 06:19:34,-23.65,-70.4,55.4,76,90,9.17
284,Hasaki,JP,2020-09-03 06:19:34,35.73,140.83,91.4,70,40,10.29
285,Port Lincoln,AU,2020-09-03 06:19:34,-34.73,135.87,58.44,59,76,17.74
286,Namie,JP,2020-09-03 06:19:35,37.48,141.0,87.01,77,23,15.97
287,Iralaya,HN,2020-09-03 06:19:35,15.0,-83.23,79.92,84,82,7.0
288,Kamenka,RU,2020-09-03 06:19:35,51.32,42.77,64.0,61,0,13.51
289,Hamilton,US,2020-09-03 06:15:07,39.18,-84.53,73.4,94,1,2.75
290,Dudinka,RU,2020-09-03 06:19:35,69.41,86.18,50.0,81,51,22.37
291,Broken Hill,AU,2020-09-03 06:19:36,-31.95,141.43,73.4,22,9,14.99
292,Itapirapua,BR,2020-09-03 06:19:36,-15.82,-50.61,69.31,39,44,3.62
293,Duluth,US,2020-09-03 06:19:36,46.78,-92.11,64.99,82,75,8.05
294,Kandrian,PG,2020-09-03 06:19:36,-6.22,149.55,81.64,83,56,10.27
295,Clyde River,CA,2020-09-03 06:19:37,70.47,-68.59,39.2,86,90,9.17
296,Dharchula,IN,2020-09-03 06:17:07,29.85,80.53,79.57,62,48,3.83
297,Pran Buri,TH,2020-09-03 06:19:37,12.38,99.91,87.8,70,20,5.82
298,Orsha,BY,2020-09-03 06:19:37,54.52,30.41,62.6,77,100,6.71
299,Porto Walter,BR,2020-09-03 06:19:37,-8.27,-72.74,70.59,93,31,1.16
300,Yima,CN,2020-09-03 06:19:37,34.74,111.88,85.66,22,0,11.39
301,Peniche,PT,2020-09-03 06:19:38,39.36,-9.38,59.0,92,0,6.38
302,Rio Gallegos,AR,2020-09-03 06:19:38,-51.62,-69.22,32.0,84,70,2.24
303,Saint Marys,US,2020-09-03 06:19:38,30.73,-81.55,80.6,88,75,8.05
304,Wenatchee,US,2020-09-03 06:19:38,47.42,-120.31,75.2,33,1,19.46
305,Vao,NC,2020-09-03 06:19:39,-22.67,167.48,66.36,73,27,22.75
306,Thompson,CA,2020-09-03 06:19:39,55.74,-97.86,46.4,87,75,6.93
307,Platonovka,RU,2020-09-03 06:19:39,52.71,41.95,60.58,65,0,12.57
308,Qingdao,CN,2020-09-03 06:19:39,36.1,120.37,82.4,45,20,11.18
309,Upata,VE,2020-09-03 06:19:39,8.01,-62.4,70.86,95,100,2.04
310,Kutum,SD,2020-09-03 06:19:40,14.2,24.67,70.81,77,100,9.44
311,Te Anau,NZ,2020-09-03 06:19:40,-45.42,167.72,47.66,77,44,5.5
312,Liverpool,GB,2020-09-03 06:19:40,53.41,-2.98,59.0,100,90,11.41
313,Verkhneye Kazanishche,RU,2020-09-03 06:19:40,42.74,47.14,78.8,69,88,4.47
314,Mackay,AU,2020-09-03 06:19:41,-21.15,149.2,75.2,69,40,17.22
315,Jeremie,HT,2020-09-03 06:19:41,18.65,-74.12,80.42,77,62,3.67
316,Havoysund,NO,2020-09-03 06:19:41,71.0,24.66,53.6,76,87,9.17
317,Natal,BR,2020-09-03 06:19:41,-5.79,-35.21,71.6,88,20,9.17
318,Kachiry,KZ,2020-09-03 06:19:41,53.07,76.1,60.35,71,65,16.28
319,Uribia,CO,2020-09-03 06:19:42,11.71,-72.27,80.8,77,100,8.97
320,Kribi,CM,2020-09-03 06:19:42,2.95,9.92,75.6,91,86,5.95
321,Thunder Bay,CA,2020-09-03 06:16:21,48.4,-89.32,59.0,93,90,5.82
322,Plettenberg Bay,ZA,2020-09-03 06:19:42,-34.05,23.37,61.41,56,0,3.91
323,Jiangyou,CN,2020-09-03 06:19:42,31.77,104.72,83.12,50,58,5.1
324,Olafsvik,IS,2020-09-03 06:19:43,64.89,-23.71,46.53,76,96,29.04
325,Washougal,US,2020-09-03 06:19:43,45.58,-122.35,72.0,74,16,1.25
326,Ercis,TR,2020-09-03 06:19:43,39.03,43.36,71.6,53,20,2.24
327,Nsanje,MW,2020-09-03 06:19:44,-16.92,35.26,73.49,61,52,5.95
328,Nueve De Julio,AR,2020-09-03 06:19:44,-35.44,-60.88,44.01,97,67,4.0
329,Mogadishu,SO,2020-09-03 06:19:44,2.04,45.34,78.8,65,75,14.99
330,Jeronimo Monteiro,BR,2020-09-03 06:19:44,-20.79,-41.4,62.69,88,40,1.57
331,Los Llanos De Aridane,ES,2020-09-03 06:19:45,28.66,-17.92,71.6,78,20,9.17
332,Mocuba,MZ,2020-09-03 06:19:45,-16.84,36.99,71.53,68,53,7.43
333,Sorland,NO,2020-09-03 06:19:45,67.67,12.69,57.2,76,88,13.87
334,Wanxian,CN,2020-09-03 06:18:11,30.8,108.39,88.32,48,65,4.07
335,Namatanai,PG,2020-09-03 06:19:45,-3.67,152.43,84.33,69,46,4.61
336,Biak,ID,2020-09-03 06:19:45,-0.91,122.88,82.02,76,98,6.46
337,Sept-Iles,CA,2020-09-03 06:16:41,50.2,-66.38,55.4,100,90,10.29
338,Bengkulu,ID,2020-09-03 06:19:46,-3.8,102.27,83.68,79,90,12.33
339,Savannah Bight,HN,2020-09-03 06:19:46,16.45,-85.85,83.17,75,100,20.18
340,Campechuela,CU,2020-09-03 06:19:46,20.23,-77.28,77.07,87,83,6.85
341,Benton,US,2020-09-03 06:19:47,36.33,-94.33,71.01,94,90,4.7
342,Cascais,PT,2020-09-03 06:19:47,38.7,-9.42,71.6,37,0,10.29
343,Hangu,CN,2020-09-03 06:19:47,39.25,117.79,80.6,32,40,15.66
344,Gubbi,IN,2020-09-03 06:19:47,13.31,76.94,81.64,65,94,5.91
345,Miami,US,2020-09-03 06:15:04,25.77,-80.19,86.0,79,20,9.17
346,Campo Largo,BR,2020-09-03 06:19:48,-25.46,-49.53,61.0,99,37,1.01
347,Auki,SB,2020-09-03 06:19:48,-8.77,160.7,84.45,69,86,5.99
348,Suhbaatar,MN,2020-09-03 06:19:48,50.23,106.21,70.59,46,67,8.61
349,Paros,GR,2020-09-03 06:19:48,37.08,25.15,81.0,78,0,3.36
350,Srednekolymsk,RU,2020-09-03 06:19:48,67.45,153.68,45.23,59,60,10.85
351,Caramay,PH,2020-09-03 06:19:49,10.18,119.24,86.67,65,46,6.49
352,Chalons-En-Champagne,FR,2020-09-03 06:19:49,48.95,4.37,57.2,62,92,5.82
353,Mount Isa,AU,2020-09-03 06:19:49,-20.73,139.5,93.2,12,0,10.29
354,Abeokuta,NG,2020-09-03 06:19:49,7.15,3.35,72.28,97,86,1.95
355,Mirzapur,IN,2020-09-03 06:19:50,25.15,82.58,86.0,74,40,4.7
356,Weymouth,US,2020-09-03 06:16:39,42.22,-70.94,72.0,100,100,13.87
357,Lata,PT,2020-09-03 06:19:50,40.16,-8.33,70.0,93,0,4.7
358,Kjopsvik,NO,2020-09-03 06:19:50,68.1,16.37,55.99,76,40,13.87
359,Aquiraz,BR,2020-09-03 06:16:54,-3.9,-38.39,78.8,74,75,17.22
360,Aklavik,CA,2020-09-03 06:19:50,68.22,-135.01,46.4,100,75,4.7
361,Lere,NG,2020-09-03 06:19:51,10.39,8.57,66.85,94,93,3.83
362,Chalchihuites,MX,2020-09-03 06:19:51,23.48,-103.88,61.27,77,50,2.77
363,Rabat,MA,2020-09-03 06:17:36,33.99,-6.84,63.0,100,40,2.62
364,Duliby,UA,2020-09-03 06:19:51,49.23,23.82,57.0,100,40,2.84
365,Christchurch,NZ,2020-09-03 06:15:49,-43.53,172.63,51.01,61,0,10.29
366,Sola,VU,2020-09-03 06:19:52,-13.88,167.55,77.79,83,82,30.02
367,Dungarvan,IE,2020-09-03 06:19:52,52.09,-7.63,59.0,95,86,5.01
368,Nantucket,US,2020-09-03 06:19:52,41.28,-70.1,70.0,100,90,8.05
369,Pisco,PE,2020-09-03 06:19:52,-13.7,-76.22,61.0,82,0,2.24
370,Mongo,TD,2020-09-03 06:19:53,12.18,18.69,75.49,83,97,3.4
371,North Bend,US,2020-09-03 06:15:46,43.41,-124.22,57.0,87,90,8.05
372,Harper,LR,2020-09-03 06:19:53,4.38,-7.72,75.52,88,92,8.88
373,Labuhan,ID,2020-09-03 06:19:53,-6.88,112.21,88.12,57,86,8.57
374,Kuusamo,FI,2020-09-03 06:19:53,65.97,29.18,50.0,87,0,5.82
375,Nago,JP,2020-09-03 06:19:54,26.59,127.98,86.0,84,90,10.29
376,Lewisville,US,2020-09-03 06:18:02,33.05,-96.99,73.99,83,75,2.91
377,Altamont,US,2020-09-03 06:19:54,42.21,-121.74,71.6,43,1,6.93
378,Husavik,IS,2020-09-03 06:19:54,66.04,-17.34,44.6,87,90,13.87
379,Aqtobe,KZ,2020-09-03 06:19:55,50.28,57.21,64.4,48,10,15.66
380,Potosi,BO,2020-09-03 06:19:09,-19.58,-65.75,33.66,87,1,2.48
381,Buin,CL,2020-09-03 06:19:55,-33.73,-70.75,48.99,76,66,9.17
382,Bonthe,SL,2020-09-03 06:19:55,7.53,-12.51,75.2,87,76,7.31
383,Bac Lieu,VN,2020-09-03 06:19:56,9.29,105.72,89.83,61,100,7.85
384,Pidhorodne,UA,2020-09-03 06:19:56,48.58,35.11,78.01,46,37,8.95
385,Srandakan,ID,2020-09-03 06:19:56,-7.94,110.25,84.47,66,72,15.75
386,Nador,MA,2020-09-03 06:19:56,35.17,-2.93,75.2,78,75,5.82
387,Sechura,PE,2020-09-03 06:19:56,-5.56,-80.82,61.12,79,0,10.67
388,Puerto Baquerizo Moreno,EC,2020-09-03 06:19:57,-0.9,-89.6,65.3,86,25,12.28
389,Oranjestad,AW,2020-09-03 06:19:57,12.52,-70.03,82.4,83,40,6.93
390,Beringovskiy,RU,2020-09-03 06:19:57,63.05,179.32,46.89,77,93,9.1
391,Qostanay,KZ,2020-09-03 06:19:57,53.17,63.58,55.4,62,90,15.66
392,Empalme,MX,2020-09-03 06:19:57,27.97,-110.82,84.0,80,6,5.99
393,Guerrero Negro,MX,2020-09-03 06:19:58,27.98,-114.06,72.64,74,0,12.62
394,Santa Rosa,PH,2020-09-03 06:19:58,14.31,121.11,91.4,55,100,12.75
395,Kozhva,RU,2020-09-03 06:19:58,65.11,57.05,47.98,63,31,9.48
396,Aragarcas,BR,2020-09-03 06:19:59,-15.9,-52.25,69.37,32,17,2.82
397,Karasuk,RU,2020-09-03 06:19:59,53.74,78.04,67.84,59,52,20.49
398,Wanning,CN,2020-09-03 06:19:59,18.8,110.4,88.38,62,23,6.6
399,Port Alfred,ZA,2020-09-03 06:17:45,-33.59,26.89,64.26,38,0,10.0
400,Catia La Mar,VE,2020-09-03 06:15:15,10.6,-67.03,71.01,69,93,4.7
401,Sistranda,NO,2020-09-03 06:19:59,63.73,8.83,57.2,67,1,13.87
402,Marsa Matruh,EG,2020-09-03 06:20:00,31.35,27.25,78.8,78,20,8.05
403,Kloulklubed,PW,2020-09-03 06:20:00,7.04,134.26,87.8,66,75,8.05
404,Saint-Paul,RE,2020-09-03 06:20:00,-21.01,55.27,75.2,64,75,6.93
405,Sanbu,CN,2020-09-03 06:20:01,33.46,119.15,80.64,56,0,10.07
406,Port Arthur,CN,2020-09-03 06:20:01,38.8,121.27,75.2,60,75,13.42
407,Hualmay,PE,2020-09-03 06:20:01,-11.1,-77.61,59.38,84,51,7.87
408,Igrim,RU,2020-09-03 06:20:01,63.19,64.42,50.14,81,94,13.24
409,Arklow,IE,2020-09-03 06:20:02,52.79,-6.14,55.99,89,99,12.95
410,Rupert,US,2020-09-03 06:20:02,42.62,-113.68,66.2,39,1,11.41
411,Kupang,ID,2020-09-03 06:16:12,-10.17,123.58,95.0,36,20,19.46
412,Caohai,CN,2020-09-03 06:20:02,26.87,104.28,70.77,74,77,4.45
413,Sabha,LY,2020-09-03 06:20:02,27.04,14.43,83.39,15,0,13.44
414,Longjiang,CN,2020-09-03 06:20:03,47.33,123.18,64.6,76,100,18.79
415,Matera,IT,2020-09-03 06:20:03,40.5,16.42,73.99,88,20,5.82
416,Port-Cartier,CA,2020-09-03 06:20:03,50.03,-66.87,55.4,100,90,9.17
417,Saiha,IN,2020-09-03 06:20:03,22.48,92.97,87.75,55,73,3.85
418,Ailigandi,PA,2020-09-03 06:20:04,9.23,-78.02,77.5,85,45,5.35
419,Rudozem,BG,2020-09-03 06:20:04,41.48,24.85,77.0,53,18,4.7
420,Patroha,HU,2020-09-03 06:20:04,48.17,22.0,48.2,100,99,2.24
421,Inyonga,TZ,2020-09-03 06:20:04,-6.72,32.07,71.13,39,0,12.86
422,Dingzhou,CN,2020-09-03 06:20:04,38.51,115.0,84.2,28,0,11.18
423,Eureka,US,2020-09-03 06:16:55,40.8,-124.16,57.99,91,64,1.77
424,Dandong,CN,2020-09-03 06:20:05,40.13,124.39,66.87,86,100,18.41
425,Itarema,BR,2020-09-03 06:20:05,-2.92,-39.92,77.22,81,4,16.46
426,Sabzevar,IR,2020-09-03 06:20:05,36.21,57.68,80.22,16,0,7.11
427,Sao Filipe,CV,2020-09-03 06:20:05,14.9,-24.5,78.06,84,75,12.12
428,Pizhma,RU,2020-09-03 06:20:06,57.86,47.12,58.37,61,0,3.49
429,Baoqing,CN,2020-09-03 06:20:06,46.33,132.21,76.23,84,100,15.97
430,Huacho,PE,2020-09-03 06:20:06,-11.11,-77.61,59.45,84,52,8.08
431,Hemsedal,NO,2020-09-03 06:20:06,60.86,8.55,43.0,85,75,5.95
432,Rawson,AR,2020-09-03 06:20:07,-43.3,-65.1,48.94,53,0,12.35
433,Tilichiki,RU,2020-09-03 06:20:07,60.47,166.1,48.92,80,98,6.51
434,Les Cayes,HT,2020-09-03 06:20:07,18.2,-73.75,79.36,81,37,2.59
435,Oriximina,BR,2020-09-03 06:20:07,-1.77,-55.87,78.28,64,0,3.33
436,Banjar,ID,2020-09-03 06:20:08,-8.19,114.97,84.2,83,20,13.87
437,Tulun,RU,2020-09-03 06:20:08,54.56,100.58,62.98,67,93,7.45
438,The Valley,AI,2020-09-03 06:20:08,18.22,-63.06,82.4,83,40,4.7
439,Coos Bay,US,2020-09-03 06:20:08,43.37,-124.22,55.4,87,90,8.05
440,Springbok,ZA,2020-09-03 06:20:09,-29.66,17.89,45.21,51,0,8.95
441,Khuzdar,PK,2020-09-03 06:20:09,27.74,66.64,84.49,24,0,6.42
442,Bansgaon,IN,2020-09-03 06:20:09,26.56,83.35,90.7,64,3,11.54
443,Beloha,MG,2020-09-03 06:20:09,-25.17,45.05,65.41,54,19,16.24
444,Santa Ines,BR,2020-09-03 06:20:10,-3.67,-45.38,70.92,97,4,3.09
445,Saint-Denis,FR,2020-09-03 06:20:10,48.92,2.33,64.0,59,94,1.12
446,Pirovskoye,RU,2020-09-03 06:20:10,57.63,92.27,67.05,84,100,9.66
447,Maragogi,BR,2020-09-03 06:17:23,-9.01,-35.22,71.56,87,16,8.43
448,Goshen,US,2020-09-03 06:20:10,41.58,-85.83,64.4,88,1,5.82
449,Marsh Harbour,BS,2020-09-03 06:20:10,26.54,-77.06,83.93,80,13,11.65
450,Jalu,LY,2020-09-03 06:20:11,29.03,21.55,83.95,30,0,9.64
451,Ixtapa,MX,2020-09-03 06:20:11,20.7,-105.2,82.4,88,75,2.24
452,Souillac,MU,2020-09-03 06:20:11,-20.52,57.52,75.2,78,75,1.12
453,Fort Nelson,CA,2020-09-03 06:20:11,58.81,-122.7,50.0,81,75,2.24
454,Tambopata,PE,2020-09-03 06:20:12,-12.73,-69.18,70.65,80,11,1.48
455,Madras,IN,2020-09-03 06:19:30,13.09,80.28,89.6,66,75,5.82
456,Bagamoyo,TZ,2020-09-03 06:20:12,-6.43,38.9,75.2,83,75,8.05
457,Turochak,RU,2020-09-03 06:20:12,52.26,87.12,82.49,33,0,6.38
458,Karpathos,GR,2020-09-03 06:20:12,35.51,27.21,78.8,88,20,13.87
459,Gravdal,NO,2020-09-03 06:20:13,68.12,13.5,59.0,62,83,12.75
460,Marzuq,YE,2020-09-03 06:20:13,14.4,46.47,83.32,40,48,4.92
461,Vanimo,PG,2020-09-03 06:20:13,-2.67,141.3,85.48,66,80,8.19
462,Hakkari,TR,2020-09-03 06:20:13,37.58,44.17,66.2,52,40,4.7
463,Shelburne,CA,2020-09-03 06:20:14,44.08,-80.2,55.99,93,1,3.36
464,Malakal,SS,2020-09-03 06:20:14,9.53,31.66,71.22,96,100,6.58
465,Lodja,CD,2020-09-03 06:20:14,-3.48,23.43,75.33,79,44,1.68
466,Adrar,MR,2020-09-03 06:20:14,20.5,-10.07,84.09,51,100,3.44
467,Teguise,ES,2020-09-03 06:20:15,29.06,-13.56,73.4,73,75,13.87
468,Lakes Entrance,AU,2020-09-03 06:20:15,-37.88,147.98,70.0,32,40,7.0
469,Bunia,CD,2020-09-03 06:20:15,1.57,30.25,67.98,87,1,4.88
470,Arlit,NE,2020-09-03 06:20:15,18.74,7.39,84.76,60,7,14.45
471,Arica,CL,2020-09-03 06:15:39,-18.48,-70.3,60.01,74,67,1.99
472,Marshall,US,2020-09-03 06:20:16,34.38,-86.33,77.0,88,1,4.7
473,Kayerkan,RU,2020-09-03 06:20:16,69.35,87.76,50.0,81,87,22.37
474,Kathmandu,NP,2020-09-03 06:20:16,27.72,85.32,80.6,69,75,9.17
475,Pandaria,IN,2020-09-03 06:20:16,22.23,81.42,84.24,68,68,7.07
476,Paita,PE,2020-09-03 06:20:16,-5.09,-81.11,60.64,82,0,11.65
477,Porbandar,IN,2020-09-03 06:20:17,21.64,69.61,87.8,66,40,6.93
478,Buala,SB,2020-09-03 06:20:17,-8.14,159.59,83.93,76,64,6.73
479,Shuangcheng,CN,2020-09-03 06:20:17,45.35,126.28,64.4,100,75,22.37
480,Novoilinsk,RU,2020-09-03 06:20:17,51.68,108.71,55.47,86,100,2.89
481,Vila Velha,BR,2020-09-03 06:15:57,-20.33,-40.29,66.2,93,9,1.12
482,Nouadhibou,MR,2020-09-03 06:20:18,20.93,-17.03,75.2,69,28,9.17
483,Grong,NO,2020-09-03 06:20:18,64.47,12.31,59.0,58,0,6.93
484,Port Hedland,AU,2020-09-03 06:20:18,-20.32,118.57,91.4,14,11,14.99
485,Moose Jaw,CA,2020-09-03 06:19:42,50.4,-105.53,48.2,87,5,12.75
486,Ust-Nera,RU,2020-09-03 06:20:18,64.57,143.2,55.31,51,97,2.53
487,Tessalit,ML,2020-09-03 06:20:19,20.2,1.01,81.46,61,0,15.57
488,Reconquista,AR,2020-09-03 06:20:20,-29.15,-59.65,46.47,95,0,9.82
489,Kandiari,PK,2020-09-03 06:20:20,26.92,68.52,95.81,42,0,8.68
490,Leh,IN,2020-09-03 06:20:20,34.17,77.58,67.06,27,17,7.4
491,Mangan,IN,2020-09-03 06:20:20,27.52,88.53,85.68,50,49,5.37
492,Majene,ID,2020-09-03 06:20:21,-3.54,118.97,86.32,63,72,1.28
493,Bubaque,GW,2020-09-03 06:20:21,11.28,-15.83,79.57,83,98,19.42
494,Waipawa,NZ,2020-09-03 06:20:21,-41.41,175.52,50.0,61,4,14.99
495,Mama,RU,2020-09-03 06:20:22,58.31,112.9,58.91,77,94,3.67
496,Kavieng,PG,2020-09-03 06:20:22,-2.57,150.8,85.23,65,73,4.45
497,Fort Saint James,CA,2020-09-03 06:20:22,54.43,-124.25,50.22,70,100,3.78
498,Ejido,VE,2020-09-03 06:20:23,8.55,-71.24,67.15,65,97,3.74
499,Kapiri Mposhi,ZM,2020-09-03 06:19:05,-13.97,28.68,62.15,70,14,11.16
500,Mareeba,AU,2020-09-03 06:20:23,-17.0,145.43,82.4,58,23,17.22
501,Immokalee,US,2020-09-03 06:15:43,26.42,-81.42,81.0,94,1,5.28
502,Asosa,ET,2020-09-03 06:20:23,10.07,34.53,60.55,100,100,3.29
503,Palmer,US,2020-09-03 06:20:24,42.16,-72.33,73.4,100,90,4.7
504,Roma,US,2020-09-03 06:20:24,43.21,-75.46,63.0,93,1,2.95
505,Andenes,NO,2020-09-03 06:20:24,69.31,16.12,53.6,81,94,12.75
506,Moerai,PF,2020-09-03 06:20:24,-22.43,-151.33,72.32,85,25,15.86
507,Linhares,BR,2020-09-03 06:20:25,-19.39,-40.07,65.79,94,21,0.56
508,George,ZA,2020-09-03 06:17:47,-33.96,22.46,60.8,55,0,6.93
509,Dalvik,IS,2020-09-03 06:20:25,65.97,-18.53,44.6,87,90,13.87
510,Comodoro Rivadavia,AR,2020-09-03 06:20:25,-45.87,-67.5,46.4,61,0,14.99
511,Xai-Xai,MZ,2020-09-03 06:20:25,-25.05,33.64,66.24,64,2,5.06
512,Quatre Cocos,MU,2020-09-03 06:20:26,-20.21,57.76,75.99,78,75,1.12
513,Ketchikan,US,2020-09-03 06:15:42,55.34,-131.65,53.6,93,90,5.82
514,Langarud,IR,2020-09-03 06:17:32,37.2,50.15,80.6,78,8,4.7
515,Fukue,JP,2020-09-03 06:20:26,32.69,128.84,82.4,74,40,12.75
516,Camopi,GF,2020-09-03 06:20:26,3.17,-52.32,71.76,97,22,1.95
517,Morgan City,US,2020-09-03 06:20:27,29.7,-91.21,82.4,88,1,7.61
518,Rodrigues Alves,BR,2020-09-03 06:20:27,-7.74,-72.65,71.37,95,38,1.45
519,Roebourne,AU,2020-09-03 06:20:27,-20.78,117.13,88.59,16,0,7.56
520,Merta,IN,2020-09-03 06:20:27,26.65,74.03,86.23,61,89,3.8
521,Luang Prabang,LA,2020-09-03 06:20:28,19.89,102.13,87.8,66,40,6.93
522,Ndungu,TZ,2020-09-03 06:20:28,-4.37,38.05,74.93,55,42,5.75
523,Faanui,PF,2020-09-03 06:20:28,-16.48,-151.75,77.94,78,25,21.45
524,Silistra,BG,2020-09-03 06:20:28,44.12,27.27,75.0,37,100,4.0
525,Iquique,CL,2020-09-03 06:20:28,-20.22,-70.14,59.0,62,90,5.82
526,Byron Bay,AU,2020-09-03 06:20:29,-28.65,153.62,75.0,69,75,14.99
527,Zyryanka,RU,2020-09-03 06:20:29,65.75,150.85,54.09,42,0,2.08
528,Faribault,US,2020-09-03 06:20:29,44.3,-93.27,69.01,59,1,12.75
529,Coihaique,CL,2020-09-03 06:20:29,-45.58,-72.07,39.2,86,40,5.82
530,Taitung,TW,2020-09-03 06:20:30,22.76,121.14,89.6,75,75,8.05
531,Kabare,CD,2020-09-03 06:20:30,-2.47,28.82,68.79,43,47,3.69
532,Paamiut,GL,2020-09-03 06:20:30,61.99,-49.67,44.06,60,16,7.9
533,Bima,ID,2020-09-03 06:20:30,-8.47,118.72,88.92,57,74,3.06
534,Varnamo,SE,2020-09-03 06:20:31,57.19,14.04,55.99,96,64,5.14
535,Podosinovets,RU,2020-09-03 06:20:31,60.28,47.07,57.15,67,19,2.26
536,Kaeo,NZ,2020-09-03 06:20:31,-35.1,173.78,52.0,39,0,5.99
537,Vilyuysk,RU,2020-09-03 06:20:31,63.76,121.62,67.17,56,89,7.81
538,Necochea,AR,2020-09-03 06:20:32,-38.55,-58.74,46.0,97,69,1.99
539,Grande Prairie,CA,2020-09-03 06:20:32,55.17,-118.8,51.8,66,75,9.17
540,Sinnamary,GF,2020-09-03 06:20:32,5.38,-52.95,77.9,85,3,10.98
541,Point Pedro,LK,2020-09-03 06:20:33,9.82,80.23,85.87,70,72,16.8
542,Rundu,NA,2020-09-03 06:20:33,-17.93,19.77,73.26,37,12,10.18
543,Salinas,US,2020-09-03 06:15:55,36.68,-121.66,64.4,82,90,6.93
544,Pangody,RU,2020-09-03 06:20:33,65.85,74.49,52.47,68,100,16.2
545,Lindi,TZ,2020-09-03 06:20:34,-10.0,39.72,71.6,88,20,13.87
546,Loveland,US,2020-09-03 06:18:24,40.4,-105.08,69.8,28,1,9.91
547,Para De Minas,BR,2020-09-03 06:20:34,-19.86,-44.61,60.8,72,0,6.71
548,Prescott,US,2020-09-03 06:18:22,34.54,-112.47,75.2,33,1,9.17
549,Ypsonas,CY,2020-09-03 06:20:34,34.69,32.96,86.0,74,0,9.17
550,Okhotsk,RU,2020-09-03 06:20:34,59.38,143.3,53.73,88,100,4.27
551,Hornepayne,CA,2020-09-03 06:20:35,49.21,-84.77,47.61,91,25,5.57
552,Bereda,ES,2020-09-03 06:20:35,43.27,-7.54,55.99,100,9,5.01
553,Melipilla,CL,2020-09-03 06:15:39,-33.7,-71.22,48.2,93,62,1.12
554,Kushiro,JP,2020-09-03 06:20:35,42.98,144.37,68.0,94,75,12.75
555,Caracuaro,MX,2020-09-03 06:20:36,19.01,-101.13,72.01,88,18,2.48
556,Jejuri,IN,2020-09-03 06:20:36,18.28,74.17,82.92,61,68,7.87
557,Crotone,IT,2020-09-03 06:20:36,39.09,17.12,73.4,78,40,3.36
558,Cuitlahuac,MX,2020-09-03 06:20:36,18.82,-96.72,81.0,75,52,3.0
559,Koulikoro,ML,2020-09-03 06:20:37,14.0,-7.75,69.15,93,95,12.37
560,Maniitsoq,GL,2020-09-03 06:20:37,65.42,-52.9,42.42,64,32,9.04
561,Cody,US,2020-09-03 06:16:25,44.53,-109.06,59.0,51,1,13.87
562,Guatire,VE,2020-09-03 06:20:37,10.48,-66.54,71.01,80,87,4.12
563,Anadyr,RU,2020-09-03 06:20:38,64.75,177.48,48.2,70,20,11.18
564,Kasongo-Lunda,CD,2020-09-03 06:20:38,-6.47,16.82,76.39,76,17,1.39
565,Moose Factory,CA,2020-09-03 06:20:38,51.26,-80.61,53.6,93,1,10.29
566,Rio Grande,BR,2020-09-03 06:20:38,-32.03,-52.1,55.99,85,98,3.0
567,Korem,ET,2020-09-03 06:20:39,12.51,39.52,63.63,67,0,4.36
568,Goksun,TR,2020-09-03 06:20:39,38.02,36.5,86.0,28,40,2.24
569,Qatana,SY,2020-09-03 06:20:39,33.44,36.08,82.99,57,0,9.1
570,Xiamen,CN,2020-09-03 06:20:40,24.48,118.08,95.0,56,4,13.42
571,Chara,RU,2020-09-03 06:20:40,56.91,118.26,67.84,46,1,5.79
572,Ambovombe,MG,2020-09-03 06:20:40,-25.17,46.08,64.56,63,78,13.53
573,Qasigiannguit,GL,2020-09-03 06:20:41,68.82,-51.19,37.4,74,87,3.36
574,Raudeberg,NO,2020-09-03 06:20:41,61.99,5.14,60.01,59,97,28.01
575,Stephenville,US,2020-09-03 06:20:41,32.22,-98.2,73.4,88,1,8.32
